<Starts>
	<Start1>
		<Text>FARMER WITH BASKET: You look like you are hungry. Do you want to get some groceries?</Text>
		<Chance>70</Chance>
		<Outcome>0</Outcome>
		<Questions>
			<Question1>
				<Text>No, thank you. We are fine.</Text>
				<Answers>
					<Answer1>
						<Text>Have a nice journey!</Text>
						<Chance>100</Chance>
						<Outcome>1</Outcome>
						<Questions></Questions>
					</Answer1>
				</Answers>
			</Question1>
			<Question2>
				<Text>This would be nice. What do you have?</Text>
				<Answers>
					<Answer1>
						<Text>I have to sell:</Text>
						<Chance>100</Chance>
						<Outcome>0</Outcome>
						<Questions>
							<Question1>
								<Text>potato</Text>
								<Answers>
									<Answer1>
										<Text>Thanks, have a nice journey!</Text>
										<Chance>100</Chance>
										<Outcome>1</Outcome>
										<Questions></Questions>
									</Answer1>
								</Answers>
							</Question1>
							<Question2>
								<Text>apple</Text>
								<Answers>
									<Answer1>
										<Text>Thanks, have a nice journey!</Text>
										<Chance>100</Chance>
										<Outcome>1</Outcome>
										<Questions></Questions>
									</Answer1>
								</Answers>
							</Question2>
							<Question3>
								<Text>bread</Text>
								<Answers>
									<Answer1>
										<Text>Thanks, have a nice journey!</Text>
										<Chance>100</Chance>
										<Outcome>1</Outcome>
										<Questions></Questions>
									</Answer1>
								</Answers>
							</Question3>
							<Question4>
								<Text>nothing</Text>
								<Answers>
									<Answer1>
										<Text>Have a nice journey!</Text>
										<Chance>100</Chance>
										<Outcome>1</Outcome>
										<Questions></Questions>
									</Answer1>
								</Answers>
							</Question4>
						</Questions>
					</Answer1>
				</Answers>	
			</Question2>
			<Question3>
				<Text>From you? No thanks!</Text>
				<Answers>
					<Answer1>
						<Text>You are little brats! I will show you people like you should be treaten!!</Text>
						<Chance>100</Chance>
						<Outcome>0</Outcome>
						<Questions>
							<Question1>
								<Text>*Escape*</Text>
								<Answers>
									<Answer1>
										<Text>*You Escape*</Text>
										<Chance>50</Chance>
										<Outcome>1</Outcome>
										<Questions></Questions>
									</Answer1>
									<Answer2>
										<Text>*You are to slow*</Text>
										<Chance>50</Chance>
										<Outcome>2</Outcome>
										<Questions></Questions>
									</Answer2>
								</Answers>
							</Question1>
							<Question2>
								<Text>*Stay*</Text>
								<Answers>
									<Answer1>
										<Text>*So you have to fight*</Text>
										<Chance>100</Chance>
										<Outcome>2</Outcome>
										<Questions></Questions>
									</Answer1>
								</Answers>
							</Question2>
						</Questions>
					</Answer1>
				</Answers>
			</Question3>
			<Question4>
				<Text>No thanks. We only would like to tell you that we run away from a deadly plague. Maybe you should come with us.</Text>
				<Answers>
					<Answer1>
						<Text>Thank you. I am going to talk to my wife, if we are also going on this journey.</Text>
						<Chance>2</Chance>
						<Outcome>3</Outcome>
						<Questions></Questions>
					</Answer1>
					<Answer2>
						<Text>You only want to get our valuables! Get away and don`t show yourselves around here another time. </Text>
						<Chance>48</Chance>
						<Outcome>2</Outcome>
						<Questions></Questions>
					</Answer2>
					<Answer3>
						<Text>We heard this already, but we can't leave. So we must stay!</Text>
						<Chance>50</Chance>
						<Outcome>1</Outcome>
						<Questions></Questions>
					</Answer3>
				</Answers>
			</Question4>
		</Questions>
	</Start1>
	<Start2>
		<Text>ANGRY FARMER: What are you doing on my property. Get off!!</Text>
		<Chance>100</Chance>
		<Outcome>0</Outcome>
		<Questions>
			<Question1>
				<Text>We are really sorry to intrude. We are only really tired from our journey.</Text>
				<Answers>
					<Answer1>
						<Text>I am really sorry. But there had been so many thiefs. I need to be careful. Do you need some groceries?</Text>
						<Chance>100</Chance>
						<Outcome>0</Outcome>
						<Questions>
							<Question1>
								<Text> This would be nice. What do you have?</Text>
								<Answers>
									<Answer1>
										<Text>I have to sell:</Text>
										<Chance>100</Chance>
										<Outcome>0</Outcome>
										<Questions>
											<Question1>
												<Text>potato</Text>
												<Answers>
													<Answer1>
														<Text>Thanks, have a nice journey!</Text>
														<Chance>100</Chance>
														<Outcome>1</Outcome>
														<Questions></Questions>
													</Answer1>
												</Answers>
											</Question1>
											<Question2>
												<Text>apple</Text>
												<Answers>
													<Answer1>
														<Text>Thanks, have a nice journey!</Text>
														<Chance>100</Chance>
														<Outcome>1</Outcome>
														<Questions></Questions>
													</Answer1>
												</Answers>
											</Question2>
											<Question3>
												<Text>bread</Text>
												<Answers>
													<Answer1>
														<Text>Thanks, have a nice journey!</Text>
														<Chance>100</Chance>
														<Outcome>1</Outcome>
														<Questions></Questions>
													</Answer1>
												</Answers>
											</Question3>
											<Question4>
												<Text>nothing</Text>
												<Answers>
													<Answer1>
														<Text>Have a nice journey!</Text>
														<Chance>100</Chance>
														<Outcome>1</Outcome>
														<Questions></Questions>
													</Answer1>
												</Answers>
											</Question4>	
										</Questions>
									</Answer1>
								</Answers>
							</Question1>
							<Question2>
								<Text>No thank you, we need to go on.</Text>
								<Answers>
									<Answer1>
										<Text>Have a save journey!</Text>
										<Chance>100</Chance>
										<Outcome>1</Outcome>
										<Questions></Questions>
									</Answer1>
								</Answers>
							</Question2>
						</Questions>
					</Answer1>
				</Answers>
			</Question1>
			<Question2>
				<Text>There is no reason that you get so angry at us. We have done nothing.</Text>
				<Answers>
					<Answer1>
						<Text>You don't say! Thats also what thief would tell me. Hence why I want you to leave. </Text>
						<Chance>50</Chance>
						<Outcome>0</Outcome>
						<Questions>
							<Question1>
								<Text>*Draw your weapon*</Text>
								<Answers>
									<Answer1>
										<Text>You will regret this!</Text>
										<Chance>100</Chance>
										<Outcome>2</Outcome>
										<Questions></Questions>
									</Answer1>
								</Answers>
							</Question1>
							<Question2>
								<Text>*Escape*</Text>
								<Answers>
									<Answer1>
										<Text>I don't want to see you around again.</Text>
										<Chance>100</Chance>
										<Outcome>1</Outcome>
										<Questions></Questions>
									</Answer1>
								</Answers>
							</Question2>
							<Question3>
								<Text> We are sorry. Could you let us rest only for a little while?</Text>
								<Answers>
									<Answer1>
										<Text>No get away.</Text>
										<Chance>50</Chance>
										<Outcome>0</Outcome>
										<Questions>
											<Question1>
												<Text>*Escape*</Text>
												<Answers>
													<Answer1>
														<Text>I don't want to see you around again.</Text>
														<Chance>100</Chance>
														<Outcome>1</Outcome>
														<Questions></Questions>
													</Answer1>
												</Answers>
											</Question1>
											<Question2>
												<Text>*Stay*</Text>
												<Answers>
													<Answer1>
														<Text>You will regret this!</Text>
														<Chance>100</Chance>
														<Outcome>2</Outcome>
														<Questions></Questions>
													</Answer1>
												</Answers>
											</Question2>
										</Questions>
									</Answer1>
									<Answer2>
										<Text>But don`t stay to long</Text>
										<Chance>50</Chance>
										<Outcome>1</Outcome>
										<Questions></Questions>
									</Answer2>
								</Answers>
							</Question3>
						</Questions>
					</Answer1>
					<Answer2>
						<Text>I´m sorry, I don´t see many friendly faces here, why are you here?</Text>
						<Chance>50</Chance>
						<Outcome>0</Outcome>
						<Questions>
							<Question1>
								<Text>*Draw your weapon* We are not friendly!</Text>
								<Answers>
									<Answer1>
										<Text>You will regret this!</Text>
										<Chance>100</Chance>
										<Outcome>2</Outcome>
										<Questions></Questions>
									</Answer1>
								</Answers>
							</Question1>
							<Question2>
								<Text>We are fleeing from a deadly plague.</Text>
								<Answers>
									<Answer1>
										<Text>Whitch plague?</Text>
										<Chance>50</Chance>
										<Outcome>0</Outcome>
										<Questions>
											<Question1>
												<Text>A big plague spreading from the south</Text>
												<Answers>
													<Answer1>
														<Text>So you could be infected. I can´t allow you to put my family at risk.</Text>
														<Chance>10</Chance>
														<Outcome>2</Outcome>
														<Questions></Questions>
													</Answer1>
													<Answer2>
														<Text>Oh no! We have to get away from here.</Text>
														<Chance>90</Chance>
														<Outcome>1</Outcome>
														<Questions></Questions>
													</Answer2>
												</Answers>
											</Question1>
											<Question2>
												<Text>A very dangerous plague, killing every infected person in a few days.</Text>
												<Answers>
													<Answer1>
														<Text>So you could be infected. I can´t allow you to put my family at risk.</Text>
														<Chance>70</Chance>
														<Outcome>2</Outcome>
														<Questions></Questions>
													</Answer1>
													<Answer2>
														<Text>Oh no! We have to get away from here.</Text>
														<Chance>30</Chance>
														<Outcome>1</Outcome>
														<Questions></Questions>
													</Answer2>
												</Answers>
											</Question2>
										</Questions>
									</Answer1>
								</Answers>
							</Question2>
						</Questions>
					</Answer2>
				</Answers>	
			</Question2>
			<Question3>
				<Text>We are really sorry. But go easy on us please. We are fleeing from a plague.</Text>
				<Answers>
					<Answer1>
						<Text>Whitch plague?</Text>
						<Chance>50</Chance>
						<Outcome>0</Outcome>
						<Questions>
							<Question1>
								<Text>A big plague spreading from the south</Text>
								<Answers>
									<Answer1>
										<Text>So you could be infected. I can´t allow you to put my family at risk.</Text>
										<Chance>10</Chance>
										<Outcome>2</Outcome>
										<Questions></Questions>
									</Answer1>
									<Answer2>
										<Text>Oh no! We have to get away from here.</Text>
										<Chance>90</Chance>
										<Outcome>1</Outcome>
										<Questions></Questions>
									</Answer2>
								</Answers>
							</Question1>
							<Question2>
								<Text>A very dangerous plague, killing every infected person in a few days.</Text>
								<Answers>
									<Answer1>
										<Text>So you could be infected. I can´t allow you to put my family at risk.</Text>
										<Chance>70</Chance>
										<Outcome>2</Outcome>
										<Questions></Questions>
									</Answer1>
									<Answer2>
										<Text>Oh no! We have to get away from here.</Text>
										<Chance>30</Chance>
										<Outcome>1</Outcome>
										<Questions></Questions>
									</Answer2>
								</Answers>
							</Question2>
						</Questions>
					</Answer1>
				</Answers>
			</Question3>
		</Questions>
	</Start2>
</Starts>
